[
  {
    "Title": "Particle Collecting Device and Particle Sensing Method",
    "Link": "",
    "Authors": [
      "Yong-Sang Ryu","Deok Ha Woo","Eui-Sang Yu","Jongsu Lee","Yusin Pak","Minah Seo","Chulki Kim","Hyun Seok Song","Taikjin Lee","Myung-Suk Chun","Young Min Jhon","Young Tae Byun","Seok Lee","Jae Hun Kim"
    ],
    "Country": "KR",
    "PatentNo": "Application No. 10-2020-0096819",
    "Filed": "Aug. 3, 2020",
    "Issued": "",
    "AGDate": "2020-08-03"
  },
  {
    "Title": "Particle Collecting Device with Independent Floating Electrode and Particle Collecting Method Using Thereof",
    "Link": "",
    "Authors": [
      "Yong-Sang Ryu", "Eui-Sang Yu", "Jongsu Lee", "Ji Min Baek", "Yusin Pak", "Minah Seo", "Hyun Seok Song", "Young Tae Byun", "Myung-Suk Chun", "Taikjin Lee", "Young Min Jhon", "Deok Ha Woo", "Seok Lee", "Chulki Kim", "Jae Hun Kim"
    ],
    "Country": "KR",
    "PatentNo": "Application No. 10-2020-0096818",
    "Filed": "Aug. 3, 2020",
    "Issued": "",
    "AGDate": "2020-08-03"
  },
  {
    "Title": "Filter for Trapping Microparticulates in Air Pollutant Comprising Vertical Nano-gap Electrode with Multiple Holes and Device and Method for Reducing Microparticulates from the Air Using the Same",
    "Link": "",
    "Authors": [
      "Yong-Sang Ryu", "Sang Moon Kim", "Eui-Sang Yu", "Taehyun Kim", "Jongsu Lee"
    ],
    "Country": "KR",
    "PatentNo": "Application No. 10-2019-0117022",
    "Filed": "Sep. 23, 2019",
    "Issued": "",
    "AGDate": "2019-09-23"
  },
  {
    "Title": "Two Side Display Device Using Nano-plasmonics and Manufacturing Method Thereof",
    "Link": "",
    "Authors": [
      "Yong-Sang Ryu", "Eui-Sang Yu", "Taehyun Kim", "Taikjin Lee", "Jae Hun Kim", "Hyun Seok Song", "Cherlhyun Jeong", "Minah Seo", "Chulki Kim"
    ],
    "Country": "CN",
    "PatentNo": "Application No. 2019-108732509",
    "Filed": "Sep. 16, 2019",
    "Issued": "",
    "AGDate": "2019-09-16"
  },
  {
    "Title": "Nano Optical Sensor Capable of Wetting of Polar Solvent and Method for Analyzing Polar Solvent Using the Same",
    "Link": "",
    "Authors": [
      "Yong-Sang Ryu", "Eui-Sang Yu", "Cherlhyun Jeong", "Hyun Seok Song"
    ],
    "Country": "KR",
    "PatentNo": "Application No. 10-2019-0086228",
    "Filed": "Jul. 17, 2019",
    "Issued": "",
    "AGDate": "2019-07-17"
  },
  {
    "Title": "Screening Method for High-efficiency Biofuel-producing Strains by Dielectrophoretic Method Using Vertical Nano-gap Electrodes",
    "Link": "http://appft.uspto.gov/netacgi/nph-Parser?Sect1=PTO2&Sect2=HITOFF&p=1&u=%2Fnetahtml%2FPTO%2Fsearch-adv.html&r=1&f=G&l=50&d=PG01&S1=16393967&OS=16393967&RS=16393967",
    "Authors": [
      "Sun-Mi Lee", "Yong-Sang Ryu", "Eui-Sang Yu", "Jiwon Kim", "Ja Kyong Ko", "Gyeongtaek Gong", "Chulki Kim", "Jae Hun Kim"
    ],
    "Country": "US",
    "PatentNo": "Application No. 16393967",
    "Filed": "Apr. 25, 2019",
    "Issued": "",
    "AGDate": "2019-04-25"
  },
  {
    "Title": "Two Side Display Device Using Nano-plasmonics and Manufacturing Method Thereof",
    "Link": "https://doi.org/10.8080/1020190034926",
    "Authors": [
      "Yong-Sang Ryu", "Eui-Sang Yu", "Taehyun Kim", "Taikjin Lee", "Jae Hun Kim", "Hyun Seok Song", "Cherlhyun Jeong", "Minah Seo", "Chulki Kim"
    ],
    "Country": "KR",
    "PatentNo": "Patent No. 10-21504650000",
    "Filed": "Mar. 27, 2019",
    "Issued": "Aug. 26, 2020",
    "AGDate": "2020-08-26"
  },
  {
    "Title": "Ultra High-throughput Screening of Efficient Biofuel-producing Microorganisms by Dielectrophoresis Using Vertical Nano-gap Electrodes",
    "Link": "https://doi.org/10.8080/1020180163570",
    "Authors": [
      "Sun-Mi Lee", "Yong-Sang Ryu", "Eui-Sang Yu", "Jiwon Kim", "Ja Kyong Ko", "Gyeongtaek Gong", "Chulki Kim", "Jae Hun Kim"
    ],
    "Country": "KR",
    "PatentNo": "Patent No. 10-21343940000",
    "Filed": "Dec. 17, 2018",
    "Issued": "Jul. 9, 2020",
    "AGDate": "2020-07-09"
  },
  {
    "Title": "Vertical Nano-gap Electrodes for Dielectrophoresis, Method for Preparation Thereof, Method for Trapping and Separating Particles Using the Same",
    "Link": "https://doi.org/10.8080/1020180033608",
    "Authors": [
      "Yong-Sang Ryu", "Eui-Sang Yu", "Chulki Kim", "Taikjin Lee", "Minah Seo", "Jae Hun Kim", "Young Min Jhon", "Sun-Mi Lee"
    ],
    "Country": "KR",
    "PatentNo": "Patent No. 10-20600990000",
    "Filed": "Mar. 23, 2018",
    "Issued": "Dec. 20, 2019",
    "AGDate": "2019-12-20"
  },
  {
    "Title": "Optical Sensor, Manufacturing Method Thereof, and Fluid Analysis Method Using the Same",
    "Link": "http://patft.uspto.gov/netacgi/nph-Parser?Sect1=PTO1&Sect2=HITOFF&d=PALL&p=1&u=%2Fnetahtml%2FPTO%2Fsrchnum.htm&r=1&f=G&l=50&s1=10488333.PN.&OS=PN/10488333&RS=PN/10488333",
    "Authors": [
      "Yong-Sang Ryu", "Chulki Kim", "Young Min Jhon", "Sin-Doo Lee", "Eui-Sang Yu", "Jae Hun Kim"
    ],
    "Country": "US",
    "PatentNo": "Patent No. 10488333",
    "Filed": "Mar. 26, 2018",
    "Issued": "Nov. 26, 2019",
    "AGDate": "2019-11-26"
  },
  {
    "Title": "Optical Sensor, Manufacturing Method Thereof, and Fluid Analysis Method Using the Same",
    "Link": "https://doi.org/10.8080/1020170132694",
    "Authors": [
      "Yong-Sang Ryu", "Chulki Kim", "Young Min Jhon", "Sin-Doo Lee", "Eui-Sang Yu", "Jae Hun Kim"
    ],
    "Country": "KR",
    "PatentNo": "Patent No. 10-19372940000",
    "Filed": "Oct. 12, 2017",
    "Issued": "Jan. 4, 2019",
    "AGDate": "2019-01-04"
  }
]
