[
  {
    "Title": "",
    "Authors": [
      "","","","","","","","","","","","","","",""
    ],
    "Conf": "",
    "ConfDate": "",
    "Location": "",
    "Date": ""
  },
  {
    "Title": "",
    "Authors": [
      "","","","","","","","","","","","","","",""
    ],
    "Conf": "",
    "ConfDate": "",
    "Location": "",
    "Date": ""
  },
  {
    "Title": "",
    "Authors": [
      "","","","","","","","","","","","","","",""
    ],
    "Conf": "",
    "ConfDate": "",
    "Location": "",
    "Date": ""
  }
]
