[
  {
    "Title": "",
    "Link": "",
    "Authors": [
      "", "", "", "", "", "", "", "", "", "", "", "", "", "", "", ""
    ],
    "Country": "",
    "PatentNo": "",
    "Filed": "",
    "Issued": "",
    "AGDate": ""
  },
  {
    "Title": "",
    "Link": "",
    "Authors": [
      "", "", "", "", "", "", "", "", "", "", "", "", "", "", "", ""
    ],
    "Country": "",
    "PatentNo": "",
    "Filed": "",
    "Issued": "",
    "AGDate": ""
  },
  {
    "Title": "",
    "Link": "",
    "Authors": [
      "", "", "", "", "", "", "", "", "", "", "", "", "", "", "", ""
    ],
    "Country": "",
    "PatentNo": "",
    "Filed": "",
    "Issued": "",
    "AGDate": ""
  }
]
