[
  {
    "Title": "",
    "Link": "",
    "Authors": [
      {
        "FirstAuthor": [
          ""
        ],
        "CoAuthor": [
          "","","","","","","",""
        ],
        "CorresAuthor": [
          "",""
        ]
      }
    ],
    "Journal": "",
    "Detail": "",
    "PubDate": ""
  },
  {
    "Title": "",
    "Link": "",
    "Authors": [
      {
        "FirstAuthor": [
          ""
        ],
        "CoAuthor": [
          "","","","","","","",""
        ],
        "CorresAuthor": [
          "",""
        ]
      }
    ],
    "Journal": "",
    "Detail": "",
    "PubDate": ""
  },
  {
    "Title": "",
    "Link": "",
    "Authors": [
      {
        "FirstAuthor": [
          ""
        ],
        "CoAuthor": [
          "","","","","","","",""
        ],
        "CorresAuthor": [
          "",""
        ]
      }
    ],
    "Journal": "",
    "Detail": "",
    "PubDate": ""
  }
]
